sample_idx,document_id,pers_entity_id,loc_entity_id,pred_label,confidence,prob_FALSE,prob_TRUE,prob_PROBABLE
0,sn91068761-1960-11-23-a-i0001,sn91068761-1960-11-23-a-i0001-NIL_eva_hovis,sn91068761-1960-11-23-a-i0001-NIL__bor_city,FALSE,0.957111,0.957111,0.01376,0.029129
1,sn91068761-1960-11-23-a-i0001,sn91068761-1960-11-23-a-i0001-NIL_roberson,sn91068761-1960-11-23-a-i0001_Q597842,TRUE,0.965709,0.009542,0.965709,0.024749
2,sn91068761-1960-11-23-a-i0001,sn91068761-1960-11-23-a-i0001-NIL_eva_hovis,sn91068761-1960-11-23-a-i0001-NIL_rt_2,FALSE,0.958073,0.958073,0.013666,0.028261
3,sn91068761-1960-11-23-a-i0001,sn91068761-1960-11-23-a-i0001-NIL_eva_hovis,sn91068761-1960-11-23-a-i0001_Q502404,FALSE,0.957443,0.957443,0.013981,0.028575
4,sn91068761-1960-11-23-a-i0001,sn91068761-1960-11-23-a-i0001-NIL_james_roberson,sn91068761-1960-11-23-a-i0001-NIL__bor_city,TRUE,0.965709,0.009542,0.965709,0.024749
5,sn91068761-1960-11-23-a-i0001,sn91068761-1960-11-23-a-i0001-NIL_mrs_llovis,sn91068761-1960-11-23-a-i0001-NIL__bor_city,FALSE,0.954223,0.954223,0.014376,0.031401
6,sn91068761-1960-11-23-a-i0001,sn91068761-1960-11-23-a-i0001-NIL_james_roberson,sn91068761-1960-11-23-a-i0001-NIL_rt_2,TRUE,0.967787,0.008913,0.967787,0.0233
7,sn91068761-1960-11-23-a-i0001,sn91068761-1960-11-23-a-i0001-NIL_mrs_llovis,sn91068761-1960-11-23-a-i0001-NIL_rt_2,FALSE,0.957646,0.957646,0.01366,0.028693
8,sn91068761-1960-11-23-a-i0001,sn91068761-1960-11-23-a-i0001-NIL_mrs_llovis,sn91068761-1960-11-23-a-i0001_Q597842,FALSE,0.954046,0.954046,0.016805,0.029149
9,sn91068761-1960-11-23-a-i0001,sn91068761-1960-11-23-a-i0001-NIL_roberson,sn91068761-1960-11-23-a-i0001-NIL__bor_city,TRUE,0.963775,0.010137,0.963775,0.026088
10,sn91068761-1960-11-23-a-i0001,sn91068761-1960-11-23-a-i0001-NIL_roberson,sn91068761-1960-11-23-a-i0001-NIL_rt_2,TRUE,0.967117,0.009047,0.967117,0.023836
11,sn91068761-1960-11-23-a-i0001,sn91068761-1960-11-23-a-i0001-NIL_james_roberson,sn91068761-1960-11-23-a-i0001_Q597842,TRUE,0.967651,0.009052,0.967651,0.023297
12,sn91068761-1960-11-23-a-i0001,sn91068761-1960-11-23-a-i0001-NIL_eva_hovis,sn91068761-1960-11-23-a-i0001_Q597842,FALSE,0.955489,0.955489,0.014508,0.030003
13,sn91068761-1960-11-23-a-i0001,sn91068761-1960-11-23-a-i0001-NIL_roberson,sn91068761-1960-11-23-a-i0001_Q502404,TRUE,0.964733,0.009758,0.964733,0.025509
14,sn91068761-1960-11-23-a-i0001,sn91068761-1960-11-23-a-i0001-NIL_county_policemen_buddy_fowler,sn91068761-1960-11-23-a-i0001_Q597842,TRUE,0.970073,0.007642,0.970073,0.022285
15,sn91068761-1960-11-23-a-i0001,sn91068761-1960-11-23-a-i0001-NIL_mrs_llovis,sn91068761-1960-11-23-a-i0001_Q502404,FALSE,0.958487,0.958487,0.01346,0.028053
16,sn88068010-1890-04-10-a-i0003,sn88068010-1890-04-10-a-i0003-NIL_judge_burgess,sn88068010-1890-04-10-a-i0003_Q1581,TRUE,0.970045,0.00614,0.970045,0.023815
17,sn88068010-1890-04-10-a-i0003,sn88068010-1890-04-10-a-i0003-NIL_judge_burgess,sn88068010-1890-04-10-a-i0003_Q577271,TRUE,0.962963,0.0068,0.962963,0.030237
18,sn92063852-1950-09-30-a-i0007,sn92063852-1950-09-30-a-i0007-NIL_charlotte_ingram,sn92063852-1950-09-30-a-i0007_Q35525,TRUE,0.971816,0.007537,0.971816,0.020648
19,sn92063852-1950-09-30-a-i0007,sn92063852-1950-09-30-a-i0007-NIL_mary_ann_long,sn92063852-1950-09-30-a-i0007_Q521614,FALSE,0.949318,0.949318,0.015831,0.03485
20,sn92063852-1950-09-30-a-i0007,sn92063852-1950-09-30-a-i0007_Q11613,sn92063852-1950-09-30-a-i0007_Q35525,TRUE,0.970009,0.008392,0.970009,0.021598
21,sn92063852-1950-09-30-a-i0007,sn92063852-1950-09-30-a-i0007-NIL_mary_ann_long,sn92063852-1950-09-30-a-i0007_Q7493343,FALSE,0.956587,0.956587,0.014639,0.028774
22,sn92063852-1950-09-30-a-i0007,sn92063852-1950-09-30-a-i0007_Q83396,sn92063852-1950-09-30-a-i0007_Q7493343,FALSE,0.955259,0.955259,0.014392,0.030349
23,sn92063852-1950-09-30-a-i0007,sn92063852-1950-09-30-a-i0007_Q83396,sn92063852-1950-09-30-a-i0007_Q521614,FALSE,0.956365,0.956365,0.014185,0.029449
24,sn92063852-1950-09-30-a-i0007,sn92063852-1950-09-30-a-i0007-NIL_charlotte_ingram,sn92063852-1950-09-30-a-i0007_Q521614,TRUE,0.971514,0.007189,0.971514,0.021297
25,sn92063852-1950-09-30-a-i0007,sn92063852-1950-09-30-a-i0007_Q83396,sn92063852-1950-09-30-a-i0007_Q35525,FALSE,0.85059,0.85059,0.107719,0.041692
26,sn92063852-1950-09-30-a-i0007,sn92063852-1950-09-30-a-i0007-NIL_charlotte_ingram,sn92063852-1950-09-30-a-i0007_Q7493343,TRUE,0.96327,0.008205,0.96327,0.028526
27,sn92063852-1950-09-30-a-i0007,sn92063852-1950-09-30-a-i0007_Q11613,sn92063852-1950-09-30-a-i0007_Q7493343,FALSE,0.957758,0.957758,0.013769,0.028473
28,sn92063852-1950-09-30-a-i0007,sn92063852-1950-09-30-a-i0007-NIL_mary_ann_long,sn92063852-1950-09-30-a-i0007_Q35525,FALSE,0.955922,0.955922,0.014179,0.029899
29,sn92063852-1950-09-30-a-i0007,sn92063852-1950-09-30-a-i0007_Q11613,sn92063852-1950-09-30-a-i0007_Q521614,FALSE,0.95668,0.95668,0.013861,0.029459
30,sn92063852-1950-09-30-a-i0007,sn92063852-1950-09-30-a-i0007_Q30088046,sn92063852-1950-09-30-a-i0007_Q35525,TRUE,0.970989,0.006964,0.970989,0.022047
31,sn92063852-1950-09-30-a-i0007,sn92063852-1950-09-30-a-i0007_Q30088046,sn92063852-1950-09-30-a-i0007_Q7493343,FALSE,0.954362,0.954362,0.013613,0.032025
32,sn92063852-1950-09-30-a-i0007,sn92063852-1950-09-30-a-i0007_Q30088046,sn92063852-1950-09-30-a-i0007_Q521614,FALSE,0.914132,0.914132,0.014546,0.071321
33,sn86063397-1900-01-16-a-i0003,sn86063397-1900-01-16-a-i0003_Q1813288,sn86063397-1900-01-16-a-i0003-NIL_fulsom,TRUE,0.83243,0.10338,0.83243,0.06419
34,sn86063397-1900-01-16-a-i0003,sn86063397-1900-01-16-a-i0003_Q1813288,sn86063397-1900-01-16-a-i0003_Q38555,TRUE,0.970781,0.008269,0.970781,0.020951
35,sn86063397-1900-01-16-a-i0003,sn86063397-1900-01-16-a-i0003_Q1813288,sn86063397-1900-01-16-a-i0003_Q1522,TRUE,0.968481,0.008919,0.968481,0.022599
36,sn86063397-1900-01-16-a-i0003,sn86063397-1900-01-16-a-i0003_Q1813288,sn86063397-1900-01-16-a-i0003_Q1439,TRUE,0.940539,0.027528,0.940539,0.031933
37,sn86063397-1900-01-16-a-i0003,sn86063397-1900-01-16-a-i0003_Q1813288,sn86063397-1900-01-16-a-i0003_Q816,TRUE,0.975836,0.007109,0.975836,0.017055
38,sn86063397-1900-01-16-a-i0003,sn86063397-1900-01-16-a-i0003-NIL_united_states_marshal_foraker,sn86063397-1900-01-16-a-i0003_Q1522,FALSE,0.596898,0.596898,0.07984,0.323262
39,sn86063397-1900-01-16-a-i0003,sn86063397-1900-01-16-a-i0003-NIL_united_states_marshal_foraker,sn86063397-1900-01-16-a-i0003-NIL_fulsom,FALSE,0.675623,0.675623,0.048183,0.276194
40,sn86063397-1900-01-16-a-i0003,sn86063397-1900-01-16-a-i0003-NIL_united_states_marshal_foraker,sn86063397-1900-01-16-a-i0003_Q38555,FALSE,0.675734,0.675734,0.175246,0.14902
41,sn86063397-1900-01-16-a-i0003,sn86063397-1900-01-16-a-i0003-NIL_mar_shal_foraker,sn86063397-1900-01-16-a-i0003-NIL_fulsom,FALSE,0.908961,0.908961,0.020398,0.070641
42,sn86063397-1900-01-16-a-i0003,sn86063397-1900-01-16-a-i0003-NIL_mar_shal_foraker,sn86063397-1900-01-16-a-i0003_Q1522,PROBABLE,0.487584,0.397954,0.114462,0.487584
43,sn86063397-1900-01-16-a-i0003,sn86063397-1900-01-16-a-i0003-NIL_mar_shal_foraker,sn86063397-1900-01-16-a-i0003_Q38555,PROBABLE,0.553588,0.378992,0.067421,0.553588
44,sn86063397-1900-01-16-a-i0003,sn86063397-1900-01-16-a-i0003-NIL_mar_shal_foraker,sn86063397-1900-01-16-a-i0003_Q1439,FALSE,0.917404,0.917404,0.019799,0.062797
45,sn86063397-1900-01-16-a-i0003,sn86063397-1900-01-16-a-i0003-NIL_united_states_marshal_foraker,sn86063397-1900-01-16-a-i0003_Q1439,FALSE,0.925221,0.925221,0.021759,0.053019
46,sn86063397-1900-01-16-a-i0003,sn86063397-1900-01-16-a-i0003-NIL_mar_shal_foraker,sn86063397-1900-01-16-a-i0003_Q816,FALSE,0.844034,0.844034,0.044384,0.111582
47,sn86063397-1900-01-16-a-i0003,sn86063397-1900-01-16-a-i0003-NIL_united_states_marshal_foraker,sn86063397-1900-01-16-a-i0003_Q816,FALSE,0.889552,0.889552,0.034223,0.076225
48,sn89058133-1920-01-29-a-i0007,sn89058133-1920-01-29-a-i0007-NIL_phy,sn89058133-1920-01-29-a-i0007_Q1509,FALSE,0.867314,0.867314,0.077886,0.0548
49,sn89058133-1920-01-29-a-i0007,sn89058133-1920-01-29-a-i0007-NIL_j_r_watson,sn89058133-1920-01-29-a-i0007_Q495045,TRUE,0.970044,0.008525,0.970044,0.021431
50,sn89058133-1920-01-29-a-i0007,sn89058133-1920-01-29-a-i0007-NIL_d_ritten_berry,sn89058133-1920-01-29-a-i0007_Q1509,FALSE,0.597819,0.597819,0.032435,0.369747
51,sn89058133-1920-01-29-a-i0007,sn89058133-1920-01-29-a-i0007-NIL_tom_scarlett_circuit_court_clerk_for_putnam_county,sn89058133-1920-01-29-a-i0007_Q1509,FALSE,0.424252,0.424252,0.197488,0.37826
52,sn89058133-1920-01-29-a-i0007,sn89058133-1920-01-29-a-i0007-NIL_j_r_watson,sn89058133-1920-01-29-a-i0007_Q1509,TRUE,0.968821,0.008923,0.968821,0.022257
53,sn89058133-1920-01-29-a-i0007,sn89058133-1920-01-29-a-i0007-NIL_d_ritten_berry,sn89058133-1920-01-29-a-i0007_Q2456192,FALSE,0.53808,0.53808,0.026169,0.435751
54,sn89058133-1920-01-29-a-i0007,sn89058133-1920-01-29-a-i0007-NIL_tom_scarlett_circuit_court_clerk_for_putnam_county,sn89058133-1920-01-29-a-i0007_Q2456192,FALSE,0.576503,0.576503,0.043937,0.37956
55,sn89058133-1920-01-29-a-i0007,sn89058133-1920-01-29-a-i0007-NIL_phy,sn89058133-1920-01-29-a-i0007_Q495045,FALSE,0.714941,0.714941,0.206088,0.078971
56,sn89058133-1920-01-29-a-i0007,sn89058133-1920-01-29-a-i0007-NIL_phy,sn89058133-1920-01-29-a-i0007_Q2456192,FALSE,0.849313,0.849313,0.084423,0.066264
57,sn89058133-1920-01-29-a-i0007,sn89058133-1920-01-29-a-i0007-NIL_j_r_watson,sn89058133-1920-01-29-a-i0007_Q2456192,TRUE,0.970868,0.008015,0.970868,0.021117
58,sn89058133-1920-01-29-a-i0007,sn89058133-1920-01-29-a-i0007-NIL_p_l_ramsey,sn89058133-1920-01-29-a-i0007_Q1509,TRUE,0.967651,0.007743,0.967651,0.024606
59,sn89058133-1920-01-29-a-i0007,sn89058133-1920-01-29-a-i0007-NIL_d_ritten_berry,sn89058133-1920-01-29-a-i0007_Q495045,PROBABLE,0.671477,0.281009,0.047515,0.671477
60,sn89058133-1920-01-29-a-i0007,sn89058133-1920-01-29-a-i0007-NIL_tom_scarlett_circuit_court_clerk_for_putnam_county,sn89058133-1920-01-29-a-i0007_Q495045,FALSE,0.713959,0.713959,0.20656,0.079481
61,sn89058133-1920-01-29-a-i0007,sn89058133-1920-01-29-a-i0007-NIL_l_f_miller_sheriff,sn89058133-1920-01-29-a-i0007_Q495045,TRUE,0.968237,0.009345,0.968237,0.022418
62,sn89058133-1920-01-29-a-i0007,sn89058133-1920-01-29-a-i0007-NIL_l_f_miller_sheriff,sn89058133-1920-01-29-a-i0007_Q1509,TRUE,0.968166,0.009418,0.968166,0.022416
63,sn89058133-1920-01-29-a-i0007,sn89058133-1920-01-29-a-i0007-NIL_p_l_ramsey,sn89058133-1920-01-29-a-i0007_Q495045,TRUE,0.963865,0.00847,0.963865,0.027665
64,sn88085488-1910-12-16-a-i0001,sn88085488-1910-12-16-a-i0001-NIL_f_p_greene,sn88085488-1910-12-16-a-i0001_Q187805,TRUE,0.969764,0.009143,0.969764,0.021093
65,sn88085488-1910-12-16-a-i0001,sn88085488-1910-12-16-a-i0001-NIL_c_h_har_rison,sn88085488-1910-12-16-a-i0001-NIL_i_o_o_f_hall,TRUE,0.971972,0.007538,0.971972,0.02049
66,sn88085488-1910-12-16-a-i0001,sn88085488-1910-12-16-a-i0001-NIL_s_b_nelson,sn88085488-1910-12-16-a-i0001_Q187805,TRUE,0.97128,0.008403,0.97128,0.020316
67,sn88085488-1910-12-16-a-i0001,sn88085488-1910-12-16-a-i0001-NIL_f_p_greene,sn88085488-1910-12-16-a-i0001_Q1223,TRUE,0.969255,0.008652,0.969255,0.022093
68,sn88085488-1910-12-16-a-i0001,sn88085488-1910-12-16-a-i0001-NIL_f_p_greene,sn88085488-1910-12-16-a-i0001_Q128038,FALSE,0.959839,0.959839,0.012177,0.027983
69,sn88085488-1910-12-16-a-i0001,sn88085488-1910-12-16-a-i0001-NIL_s_b_nelson,sn88085488-1910-12-16-a-i0001_Q1223,TRUE,0.971384,0.007652,0.971384,0.020964
70,sn88085488-1910-12-16-a-i0001,sn88085488-1910-12-16-a-i0001-NIL_c_h_har_rison,sn88085488-1910-12-16-a-i0001_Q187805,TRUE,0.969184,0.009066,0.969184,0.021749
71,sn88085488-1910-12-16-a-i0001,sn88085488-1910-12-16-a-i0001-NIL_s_b_nelson,sn88085488-1910-12-16-a-i0001-NIL_i_o_o_f_hall,TRUE,0.959075,0.009854,0.959075,0.031071
72,sn88085488-1910-12-16-a-i0001,sn88085488-1910-12-16-a-i0001-NIL_s_b_nelson,sn88085488-1910-12-16-a-i0001_Q128038,FALSE,0.950644,0.950644,0.012639,0.036717
73,sn88085488-1910-12-16-a-i0001,sn88085488-1910-12-16-a-i0001-NIL_f_p_greene,sn88085488-1910-12-16-a-i0001-NIL_i_o_o_f_hall,TRUE,0.969289,0.008788,0.969289,0.021922
74,sn88085488-1910-12-16-a-i0001,sn88085488-1910-12-16-a-i0001-NIL_c_h_har_rison,sn88085488-1910-12-16-a-i0001_Q1223,TRUE,0.968753,0.008992,0.968753,0.022255
75,sn88085488-1910-12-16-a-i0001,sn88085488-1910-12-16-a-i0001-NIL_c_h_har_rison,sn88085488-1910-12-16-a-i0001_Q128038,FALSE,0.95976,0.95976,0.012368,0.027872
76,sn89058133-1920-01-08-a-i0001,sn89058133-1920-01-08-a-i0001-NIL_benton_m_john_son,sn89058133-1920-01-08-a-i0001_Q985409,TRUE,0.96993,0.008133,0.96993,0.021937
77,sn89058133-1920-01-08-a-i0001,sn89058133-1920-01-08-a-i0001-NIL_mr_johnson,sn89058133-1920-01-08-a-i0001_Q985409,TRUE,0.967619,0.009266,0.967619,0.023115
78,sn91068761-1960-05-18-a-i0009,sn91068761-1960-05-18-a-i0009-NIL_fowler,sn91068761-1960-05-18-a-i0009_Q586130,TRUE,0.870563,0.069262,0.870563,0.060175
79,sn91068761-1960-05-18-a-i0009,sn91068761-1960-05-18-a-i0009-NIL_neal_l_fowler_aviation_electrician_second_clas_usn,sn91068761-1960-05-18-a-i0009_Q586130,TRUE,0.968228,0.008643,0.968228,0.023129
80,sn91068761-1960-05-18-a-i0009,sn91068761-1960-05-18-a-i0009-NIL_mr_worth_fowler,sn91068761-1960-05-18-a-i0009_Q586130,FALSE,0.904757,0.904757,0.054548,0.040695
81,sn91068761-1960-05-18-a-i0009,sn91068761-1960-05-18-a-i0009-NIL_mr_worth_fowler,sn91068761-1960-05-18-a-i0009-NIL_route_i,TRUE,0.966468,0.008763,0.966468,0.024769
82,sn91068761-1960-05-18-a-i0009,sn91068761-1960-05-18-a-i0009-NIL_neal_l_fowler_aviation_electrician_second_clas_usn,sn91068761-1960-05-18-a-i0009-NIL_route_i,TRUE,0.967117,0.009047,0.967117,0.023836
83,sn91068761-1960-05-18-a-i0009,sn91068761-1960-05-18-a-i0009-NIL_fowler,sn91068761-1960-05-18-a-i0009-NIL_route_i,TRUE,0.964149,0.009752,0.964149,0.026098
84,sn91068761-1960-05-18-a-i0009,sn91068761-1960-05-18-a-i0009-NIL_fowler,sn91068761-1960-05-18-a-i0009_Q49231,TRUE,0.966062,0.00918,0.966062,0.024758
85,sn91068761-1960-05-18-a-i0009,sn91068761-1960-05-18-a-i0009-NIL_fowler,sn91068761-1960-05-18-a-i0009_Q4918,TRUE,0.96877,0.007631,0.96877,0.023599
86,sn91068761-1960-05-18-a-i0009,sn91068761-1960-05-18-a-i0009-NIL_mr_worth_fowler,sn91068761-1960-05-18-a-i0009_Q49231,TRUE,0.971384,0.007652,0.971384,0.020964
87,sn91068761-1960-05-18-a-i0009,sn91068761-1960-05-18-a-i0009-NIL_neal_l_fowler_aviation_electrician_second_clas_usn,sn91068761-1960-05-18-a-i0009_Q4918,TRUE,0.971835,0.007192,0.971835,0.020973
88,sn91068761-1960-05-18-a-i0009,sn91068761-1960-05-18-a-i0009-NIL_neal_l_fowler_aviation_electrician_second_clas_usn,sn91068761-1960-05-18-a-i0009_Q49231,TRUE,0.967921,0.008776,0.967921,0.023303
89,sn91068761-1960-05-18-a-i0009,sn91068761-1960-05-18-a-i0009-NIL_mr_worth_fowler,sn91068761-1960-05-18-a-i0009_Q4918,TRUE,0.96508,0.007967,0.96508,0.026953
90,sn84020750-1840-11-14-a-i0001,sn84020750-1840-11-14-a-i0001-NIL_simeon_colton,sn84020750-1840-11-14-a-i0001_Q331104,TRUE,0.89735,0.019671,0.89735,0.082979
91,sn88085488-1910-09-16-a-i0002,sn88085488-1910-09-16-a-i0002-NIL_j_h_hildebrant,sn88085488-1910-09-16-a-i0002_Q967057,FALSE,0.953545,0.953545,0.016279,0.030176
92,sn88085488-1910-09-16-a-i0002,sn88085488-1910-09-16-a-i0002-NIL_myrtle_wendell,sn88085488-1910-09-16-a-i0002_Q6106,FALSE,0.944388,0.944388,0.024777,0.030835
93,sn88085488-1910-09-16-a-i0002,sn88085488-1910-09-16-a-i0002-NIL_j_h_hildebrant,sn88085488-1910-09-16-a-i0002_Q6106,FALSE,0.921706,0.921706,0.042275,0.036019
94,sn88085488-1910-09-16-a-i0002,sn88085488-1910-09-16-a-i0002-NIL_jeakel,sn88085488-1910-09-16-a-i0002_Q3457242,FALSE,0.587429,0.587429,0.341308,0.071263
95,sn88085488-1910-09-16-a-i0002,sn88085488-1910-09-16-a-i0002-NIL_jeakel,sn88085488-1910-09-16-a-i0002_Q505539,TRUE,0.969881,0.008523,0.969881,0.021596
96,sn88085488-1910-09-16-a-i0002,sn88085488-1910-09-16-a-i0002-NIL_judge_canfield,sn88085488-1910-09-16-a-i0002_Q824,FALSE,0.956696,0.956696,0.014301,0.029003
97,sn88085488-1910-09-16-a-i0002,sn88085488-1910-09-16-a-i0002-NIL_captain_t_d_bloni,sn88085488-1910-09-16-a-i0002_Q7060018,TRUE,0.970423,0.008137,0.970423,0.021439
98,sn88085488-1910-09-16-a-i0002,sn88085488-1910-09-16-a-i0002-NIL_charles_jeakel,sn88085488-1910-09-16-a-i0002_Q505539,TRUE,0.970828,0.00789,0.970828,0.021281
99,sn88085488-1910-09-16-a-i0002,sn88085488-1910-09-16-a-i0002-NIL_judge_canfield,sn88085488-1910-09-16-a-i0002_Q187805,FALSE,0.954882,0.954882,0.016951,0.028167
100,sn88085488-1910-09-16-a-i0002,sn88085488-1910-09-16-a-i0002-NIL_laura_ellis,sn88085488-1910-09-16-a-i0002_Q6106,TRUE,0.967237,0.010015,0.967237,0.022747
101,sn88085488-1910-09-16-a-i0002,sn88085488-1910-09-16-a-i0002-NIL_jos_c_wendell,sn88085488-1910-09-16-a-i0002_Q6106,TRUE,0.971908,0.008541,0.971908,0.019551
102,sn88085488-1910-09-16-a-i0002,sn88085488-1910-09-16-a-i0002-NIL_charles_jeakel,sn88085488-1910-09-16-a-i0002-NIL_marshal_junction,TRUE,0.970802,0.007412,0.970802,0.021786
103,sn88085488-1910-09-16-a-i0002,sn88085488-1910-09-16-a-i0002-NIL_captain_t_d_bloni,sn88085488-1910-09-16-a-i0002_Q199797,TRUE,0.969255,0.008128,0.969255,0.022617
104,sn88085488-1910-09-16-a-i0002,sn88085488-1910-09-16-a-i0002-NIL_j_h_hildebrant,sn88085488-1910-09-16-a-i0002_Q824,FALSE,0.95027,0.95027,0.022348,0.027382
105,sn88085488-1910-09-16-a-i0002,sn88085488-1910-09-16-a-i0002-NIL_jeakel,sn88085488-1910-09-16-a-i0002-NIL_marshal_junction,TRUE,0.967043,0.008367,0.967043,0.024591
106,sn88085488-1910-09-16-a-i0002,sn88085488-1910-09-16-a-i0002-NIL_judge_and_mrs_ii_e_canfield,sn88085488-1910-09-16-a-i0002_Q3457242,FALSE,0.951306,0.951306,0.019286,0.029408
107,sn83025812-1930-05-16-a-i0001,sn83025812-1930-05-16-a-i0001-NIL_everett_thompson,sn83025812-1930-05-16-a-i0001_Q1018467,TRUE,0.964585,0.010305,0.964585,0.02511
108,sn83025812-1930-05-16-a-i0001,sn83025812-1930-05-16-a-i0001-NIL_c_e_thomp_son_speeial_counsel_for_the_city_of_elizabeth_city_and_partner_in_he_law_firm_of_thompson_wil_son,sn83025812-1930-05-16-a-i0001_Q1018467,TRUE,0.966406,0.009775,0.966406,0.023818
109,sn83025812-1930-05-16-a-i0001,sn83025812-1930-05-16-a-i0001-NIL_attorney_c_e_thompson,sn83025812-1930-05-16-a-i0001_Q1018467,TRUE,0.964911,0.010553,0.964911,0.024536
110,sn83025812-1930-05-16-a-i0001,sn83025812-1930-05-16-a-i0001-NIL_ehz_aheth_city_s_strong_headed_trial_judge_phil_sawyer,sn83025812-1930-05-16-a-i0001_Q1018467,TRUE,0.822453,0.011107,0.822453,0.16644
111,sn88068010-1890-10-02-a-i0001,sn88068010-1890-10-02-a-i0001_Q37122,sn88068010-1890-10-02-a-i0001_Q1384,FALSE,0.902711,0.902711,0.058847,0.038442
112,sn88068010-1890-10-02-a-i0001,sn88068010-1890-10-02-a-i0001_Q37122,sn88068010-1890-10-02-a-i0001_Q41819,TRUE,0.947345,0.015922,0.947345,0.036733
113,sn84026272-1800-10-21-a-i0002,sn84026272-1800-10-21-a-i0002_Q550690,sn84026272-1800-10-21-a-i0002_Q256669,FALSE,0.953607,0.953607,0.02058,0.025813
114,sn84026272-1800-10-21-a-i0002,sn84026272-1800-10-21-a-i0002-NIL_count_djctrichstem,sn84026272-1800-10-21-a-i0002_Q131128,FALSE,0.954819,0.954819,0.015433,0.029748
115,sn84026272-1800-10-21-a-i0002,sn84026272-1800-10-21-a-i0002_Q550690,sn84026272-1800-10-21-a-i0002_Q90,FALSE,0.957731,0.957731,0.014887,0.027382
116,sn84026272-1800-10-21-a-i0002,sn84026272-1800-10-21-a-i0002-NIL_count_larhrbach,sn84026272-1800-10-21-a-i0002_Q256669,FALSE,0.957005,0.957005,0.014876,0.02812
117,sn84026272-1800-10-21-a-i0002,sn84026272-1800-10-21-a-i0002-NIL_the_en_iso_embassa_dor_lord_minto,sn84026272-1800-10-21-a-i0002_Q90,FALSE,0.957973,0.957973,0.014099,0.027929
118,sn84026272-1800-10-21-a-i0002,sn84026272-1800-10-21-a-i0002-NIL_the_en_iso_embassa_dor_lord_minto,sn84026272-1800-10-21-a-i0002_Q142,FALSE,0.956695,0.956695,0.014641,0.028665
119,sn84026272-1800-10-21-a-i0002,sn84026272-1800-10-21-a-i0002_Q19502306,sn84026272-1800-10-21-a-i0002_Q142,FALSE,0.956899,0.956899,0.014874,0.028226
120,sn84026272-1800-10-21-a-i0002,sn84026272-1800-10-21-a-i0002-NIL_count_larhrbach,sn84026272-1800-10-21-a-i0002_Q980,FALSE,0.933198,0.933198,0.033727,0.033075
121,sn84026272-1800-10-21-a-i0002,sn84026272-1800-10-21-a-i0002-NIL_the_en_iso_embassa_dor_lord_minto,sn84026272-1800-10-21-a-i0002_Q40,FALSE,0.955825,0.955825,0.014627,0.029548
122,sn84026272-1800-10-21-a-i0002,sn84026272-1800-10-21-a-i0002-NIL_count_djctrichstem,sn84026272-1800-10-21-a-i0002_Q980,FALSE,0.950991,0.950991,0.021175,0.027834
123,sn84026272-1800-10-21-a-i0002,sn84026272-1800-10-21-a-i0002-NIL_auff_x_an_plen_,sn84026272-1800-10-21-a-i0002_Q131128,FALSE,0.957225,0.957225,0.014649,0.028126
124,sn84026272-1800-10-21-a-i0002,sn84026272-1800-10-21-a-i0002_Q550690,sn84026272-1800-10-21-a-i0002_Q142,FALSE,0.952558,0.952558,0.019012,0.02843
125,sn84026272-1800-10-21-a-i0002,sn84026272-1800-10-21-a-i0002_Q550690,sn84026272-1800-10-21-a-i0002_Q1741,FALSE,0.954551,0.954551,0.019811,0.025637
126,sn84026272-1800-10-21-a-i0002,sn84026272-1800-10-21-a-i0002_Q19502306,sn84026272-1800-10-21-a-i0002_Q131128,FALSE,0.95437,0.95437,0.014951,0.030678
127,sn84026272-1800-10-21-a-i0002,sn84026272-1800-10-21-a-i0002_Q550690,sn84026272-1800-10-21-a-i0002_Q980,TRUE,0.960897,0.014477,0.960897,0.024626
128,sn84026272-1800-10-21-a-i0002,sn84026272-1800-10-21-a-i0002_Q19502306,sn84026272-1800-10-21-a-i0002-NIL_marengo,FALSE,0.956259,0.956259,0.014864,0.028877
129,sn83020874-1830-10-08-a-i0002,sn83020874-1830-10-08-a-i0002_Q7758,sn83020874-1830-10-08-a-i0002_Q142,TRUE,0.971583,0.007774,0.971583,0.020643
130,sn83020874-1830-10-08-a-i0002,sn83020874-1830-10-08-a-i0002_Q7758,sn83020874-1830-10-08-a-i0002_Q191119,TRUE,0.968481,0.008919,0.968481,0.022599
131,sn83020874-1830-10-08-a-i0002,sn83020874-1830-10-08-a-i0002_Q7771,sn83020874-1830-10-08-a-i0002_Q191119,TRUE,0.957887,0.012153,0.957887,0.029961
132,sn83020874-1830-10-08-a-i0002,sn83020874-1830-10-08-a-i0002_Q88851,sn83020874-1830-10-08-a-i0002_Q191119,TRUE,0.970423,0.008137,0.970423,0.021439
133,sn83020874-1830-10-08-a-i0002,sn83020874-1830-10-08-a-i0002_Q7771,sn83020874-1830-10-08-a-i0002_Q142,TRUE,0.968681,0.008715,0.968681,0.022604
134,sn83020874-1830-10-08-a-i0002,sn83020874-1830-10-08-a-i0002_Q88851,sn83020874-1830-10-08-a-i0002_Q142,TRUE,0.969971,0.008262,0.969971,0.021767
135,sn83020874-1830-10-08-a-i0002,sn83020874-1830-10-08-a-i0002_Q16011447,sn83020874-1830-10-08-a-i0002_Q191119,TRUE,0.971078,0.007299,0.971078,0.021622
136,sn83020874-1830-10-08-a-i0002,sn83020874-1830-10-08-a-i0002_Q16011447,sn83020874-1830-10-08-a-i0002_Q142,TRUE,0.970997,0.008533,0.970997,0.02047
137,sn91068761-1960-06-29-a-i0001,sn91068761-1960-06-29-a-i0001-NIL_bill_grainger,sn91068761-1960-06-29-a-i0001-NIL_uivitan_field,TRUE,0.961484,0.006378,0.961484,0.032138
138,sn91068761-1960-06-29-a-i0001,sn91068761-1960-06-29-a-i0001-NIL_cub_master_richard_gprcion,sn91068761-1960-06-29-a-i0001-NIL_uivitan_field,TRUE,0.969085,0.006843,0.969085,0.024072
139,sn91068761-1960-06-29-a-i0001,sn91068761-1960-06-29-a-i0001-NIL_gordon,sn91068761-1960-06-29-a-i0001-NIL_uivitan_field,PROBABLE,0.530034,0.26522,0.204746,0.530034
140,sn83026170-1820-02-12-a-i0001,sn83026170-1820-02-12-a-i0001_Q5081637,sn83026170-1820-02-12-a-i0001_Q46,TRUE,0.968795,0.007513,0.968795,0.023691
141,sn83026170-1820-02-12-a-i0001,sn83026170-1820-02-12-a-i0001_Q5081637,sn83026170-1820-02-12-a-i0001_Q828,TRUE,0.970291,0.007764,0.970291,0.021945
142,sn83026170-1820-02-12-a-i0001,sn83026170-1820-02-12-a-i0001_Q23,sn83026170-1820-02-12-a-i0001_Q46,TRUE,0.968782,0.009647,0.968782,0.021571
143,sn83026170-1820-02-12-a-i0001,sn83026170-1820-02-12-a-i0001_Q23,sn83026170-1820-02-12-a-i0001_Q828,TRUE,0.970396,0.008662,0.970396,0.020942
144,sn83026170-1820-02-12-a-i0001,sn83026170-1820-02-12-a-i0001_Q517,sn83026170-1820-02-12-a-i0001_Q828,TRUE,0.97124,0.008602,0.97124,0.020157
145,sn83026170-1820-02-12-a-i0001,sn83026170-1820-02-12-a-i0001_Q517,sn83026170-1820-02-12-a-i0001_Q46,TRUE,0.958266,0.01455,0.958266,0.027184
146,sn83026170-1820-02-12-a-i0001,sn83026170-1820-02-12-a-i0001_Q517,sn83026170-1820-02-12-a-i0001_Q57695350,FALSE,0.687364,0.687364,0.210866,0.101769
147,sn83026170-1820-02-12-a-i0001,sn83026170-1820-02-12-a-i0001_Q23,sn83026170-1820-02-12-a-i0001_Q57695350,TRUE,0.592341,0.329044,0.592341,0.078614
148,sn83026170-1820-02-12-a-i0001,sn83026170-1820-02-12-a-i0001_Q5081637,sn83026170-1820-02-12-a-i0001_Q57695350,TRUE,0.967412,0.007503,0.967412,0.025085
149,sn83026170-1820-02-12-a-i0001,sn83026170-1820-02-12-a-i0001_Q517,sn83026170-1820-02-12-a-i0001_Q88,FALSE,0.722419,0.722419,0.186805,0.090775
150,sn83026170-1820-02-12-a-i0001,sn83026170-1820-02-12-a-i0001_Q23,sn83026170-1820-02-12-a-i0001_Q88,FALSE,0.852253,0.852253,0.06754,0.080206
151,sn83026170-1820-02-12-a-i0001,sn83026170-1820-02-12-a-i0001_Q5081637,sn83026170-1820-02-12-a-i0001_Q88,TRUE,0.970858,0.007185,0.970858,0.021958
152,sn92063852-1950-10-28-a-i0011,sn92063852-1950-10-28-a-i0011-NIL_witherell_and_montcalm_sts,sn92063852-1950-10-28-a-i0011-NIL_lucy_thurman_branch_569_east_elizabeth,FALSE,0.954256,0.954256,0.015545,0.030199
153,sn92063852-1950-10-28-a-i0011,sn92063852-1950-10-28-a-i0011-NIL_witherell_and_montcalm_sts,sn92063852-1950-10-28-a-i0011_Q1144544,FALSE,0.956137,0.956137,0.015215,0.028648
154,sn92063852-1950-10-28-a-i0011,sn92063852-1950-10-28-a-i0011-NIL_witherell_and_montcalm_sts,sn92063852-1950-10-28-a-i0011_Q430464,FALSE,0.954247,0.954247,0.01579,0.029964
155,sn88085488-1910-02-18-a-i0006,sn88085488-1910-02-18-a-i0006-NIL_c_k_van_auker,sn88085488-1910-02-18-a-i0006_Q35775,TRUE,0.972829,0.008351,0.972829,0.01882
156,sn88085488-1910-02-18-a-i0006,sn88085488-1910-02-18-a-i0006_Q18351054,sn88085488-1910-02-18-a-i0006_Q35775,TRUE,0.971096,0.008271,0.971096,0.020632
157,sn88085488-1910-02-18-a-i0006,sn88085488-1910-02-18-a-i0006_Q6913937,sn88085488-1910-02-18-a-i0006_Q35775,TRUE,0.593752,0.347688,0.593752,0.05856
158,sn82014385-1810-03-28-a-i0003,sn82014385-1810-03-28-a-i0003_Q179090,sn82014385-1810-03-28-a-i0003_Q90,FALSE,0.954986,0.954986,0.011561,0.033453
159,sn82014385-1810-03-28-a-i0003,sn82014385-1810-03-28-a-i0003_Q179090,sn82014385-1810-03-28-a-i0003_Q30,TRUE,0.969748,0.009809,0.969748,0.020443
160,sn82014385-1810-03-28-a-i0003,sn82014385-1810-03-28-a-i0003_Q179090,sn82014385-1810-03-28-a-i0003_Q84,FALSE,0.960401,0.960401,0.011269,0.02833
161,sn82014385-1810-03-28-a-i0003,sn82014385-1810-03-28-a-i0003_Q179090,sn82014385-1810-03-28-a-i0003_Q1345,FALSE,0.957434,0.957434,0.01106,0.031507
